{
  "name": "nano_3.2.0_83fac731_lite_claude-sonnet-4-20250514",
  "created_at": 1748974295.5618324,
  "metrics": {
    "success_rate": 0.7,
    "success_std": 0.48304589153964794,
    "avg_similarity": 0.3941977420915757,
    "similarity_std": 0.27141719836512535,
    "avg_test_similarity": 0.18803057959299932,
    "test_similarity_std": 0.17661966037891164,
    "avg_tokens": 14746.3,
    "tokens_std": 732.6524187270978,
    "avg_tools": 41.5,
    "tools_std": 2.9907264074877267,
    "timestamp": 1748974295.556983,
    "git_commit": "80f6a9e488839d7d93673c149035d415b7ff9fe0",
    "nano_version": "3.2.0",
    "total_problems": 10,
    "total_runs": 10,
    "avg_repetitions": 1,
    "global_run_based": {
      "success_rate": 0.7,
      "success_std": 0.48304589153964794,
      "avg_similarity": 0.3941977420915757,
      "similarity_std": 0.27141719836512535,
      "avg_test_similarity": 0.18803057959299932,
      "test_similarity_std": 0.17661966037891164,
      "avg_tokens": 14746.3,
      "tokens_std": 732.6524187270978,
      "avg_tools": 41.5,
      "tools_std": 2.9907264074877267
    },
    "global_problem_based": {
      "success_rate": 0.7,
      "success_std": 0.48304589153964794,
      "avg_similarity": 0.3941977420915757,
      "similarity_std": 0.27141719836512535,
      "avg_test_similarity": 0.18803057959299932,
      "test_similarity_std": 0.17661966037891164,
      "avg_tokens": 14746.3,
      "tokens_std": 732.6524187270978,
      "avg_tools": 41.5,
      "tools_std": 2.9907264074877267
    },
    "per_problem_stats": {
      "django__django-16139": {
        "repetitions": 1,
        "success_rate": 1.0,
        "success_std": 0.0,
        "avg_similarity": 0.5991379310344828,
        "similarity_std": 0.0,
        "avg_test_similarity": 0.23273746933052927,
        "test_similarity_std": 0.0,
        "avg_tokens": 14600,
        "tokens_std": 0.0,
        "avg_tools": 37,
        "tools_std": 0.0
      },
      "sympy__sympy-13773": {
        "repetitions": 1,
        "success_rate": 1.0,
        "success_std": 0.0,
        "avg_similarity": 0.46318520921180667,
        "similarity_std": 0.0,
        "avg_test_similarity": 0.28377412437455324,
        "test_similarity_std": 0.0,
        "avg_tokens": 14604,
        "tokens_std": 0.0,
        "avg_tools": 43,
        "tools_std": 0.0
      },
      "django__django-12497": {
        "repetitions": 1,
        "success_rate": 1.0,
        "success_std": 0.0,
        "avg_similarity": 0.9241773962804005,
        "similarity_std": 0.0,
        "avg_test_similarity": 0.44677255829672186,
        "test_similarity_std": 0.0,
        "avg_tokens": 14038,
        "tokens_std": 0.0,
        "avg_tools": 45,
        "tools_std": 0.0
      },
      "sympy__sympy-15308": {
        "repetitions": 1,
        "success_rate": 1.0,
        "success_std": 0.0,
        "avg_similarity": 0.3688888888888889,
        "similarity_std": 0.0,
        "avg_test_similarity": 0.0,
        "test_similarity_std": 0.0,
        "avg_tokens": 15535,
        "tokens_std": 0.0,
        "avg_tools": 44,
        "tools_std": 0.0
      },
      "scikit-learn__scikit-learn-13439": {
        "repetitions": 1,
        "success_rate": 1.0,
        "success_std": 0.0,
        "avg_similarity": 0.5964546402502607,
        "similarity_std": 0.0,
        "avg_test_similarity": 0.3180327868852459,
        "test_similarity_std": 0.0,
        "avg_tokens": 14021,
        "tokens_std": 0.0,
        "avg_tools": 39,
        "tools_std": 0.0
      },
      "matplotlib__matplotlib-18869": {
        "repetitions": 1,
        "success_rate": 0.0,
        "success_std": 0.0,
        "avg_similarity": 0.05712295367467781,
        "similarity_std": 0.0,
        "avg_test_similarity": 0.0,
        "test_similarity_std": 0.0,
        "avg_tokens": 14458,
        "tokens_std": 0.0,
        "avg_tools": 39,
        "tools_std": 0.0
      },
      "sphinx-doc__sphinx-8713": {
        "repetitions": 1,
        "success_rate": 1.0,
        "success_std": 0.0,
        "avg_similarity": 0.34842105263157896,
        "similarity_std": 0.0,
        "avg_test_similarity": 0.3981520369592608,
        "test_similarity_std": 0.0,
        "avg_tokens": 14132,
        "tokens_std": 0.0,
        "avg_tools": 46,
        "tools_std": 0.0
      },
      "scikit-learn__scikit-learn-25638": {
        "repetitions": 1,
        "success_rate": 0.0,
        "success_std": 0.0,
        "avg_similarity": 0.0,
        "similarity_std": 0.0,
        "avg_test_similarity": 0.0,
        "test_similarity_std": 0.0,
        "avg_tokens": 15799,
        "tokens_std": 0.0,
        "avg_tools": 41,
        "tools_std": 0.0
      },
      "pydata__xarray-4248": {
        "repetitions": 1,
        "success_rate": 0.0,
        "success_std": 0.0,
        "avg_similarity": 0.2611190817790531,
        "similarity_std": 0.0,
        "avg_test_similarity": 0.0,
        "test_similarity_std": 0.0,
        "avg_tokens": 15933,
        "tokens_std": 0.0,
        "avg_tools": 39,
        "tools_std": 0.0
      },
      "pytest-dev__pytest-5495": {
        "repetitions": 1,
        "success_rate": 1.0,
        "success_std": 0.0,
        "avg_similarity": 0.32347026716460786,
        "similarity_std": 0.0,
        "avg_test_similarity": 0.200836820083682,
        "test_similarity_std": 0.0,
        "avg_tokens": 14343,
        "tokens_std": 0.0,
        "avg_tools": 42,
        "tools_std": 0.0
      }
    }
  },
  "results": [
    {
      "instance_id": "django__django-16139",
      "repetition": 0,
      "success": true,
      "similarity": 0.5991379310344828,
      "test_similarity": 0.23273746933052927,
      "token_usage": 14600,
      "tool_usage": 37
    },
    {
      "instance_id": "sympy__sympy-13773",
      "repetition": 0,
      "success": true,
      "similarity": 0.46318520921180667,
      "test_similarity": 0.28377412437455324,
      "token_usage": 14604,
      "tool_usage": 43
    },
    {
      "instance_id": "django__django-12497",
      "repetition": 0,
      "success": true,
      "similarity": 0.9241773962804005,
      "test_similarity": 0.44677255829672186,
      "token_usage": 14038,
      "tool_usage": 45
    },
    {
      "instance_id": "sympy__sympy-15308",
      "repetition": 0,
      "success": true,
      "similarity": 0.3688888888888889,
      "test_similarity": 0.0,
      "token_usage": 15535,
      "tool_usage": 44
    },
    {
      "instance_id": "scikit-learn__scikit-learn-13439",
      "repetition": 0,
      "success": true,
      "similarity": 0.5964546402502607,
      "test_similarity": 0.3180327868852459,
      "token_usage": 14021,
      "tool_usage": 39
    },
    {
      "instance_id": "matplotlib__matplotlib-18869",
      "repetition": 0,
      "success": false,
      "similarity": 0.05712295367467781,
      "test_similarity": 0.0,
      "token_usage": 14458,
      "tool_usage": 39
    },
    {
      "instance_id": "sphinx-doc__sphinx-8713",
      "repetition": 0,
      "success": true,
      "similarity": 0.34842105263157896,
      "test_similarity": 0.3981520369592608,
      "token_usage": 14132,
      "tool_usage": 46
    },
    {
      "instance_id": "scikit-learn__scikit-learn-25638",
      "repetition": 0,
      "success": false,
      "similarity": 0.0,
      "test_similarity": 0.0,
      "token_usage": 15799,
      "tool_usage": 41
    },
    {
      "instance_id": "pydata__xarray-4248",
      "repetition": 0,
      "success": false,
      "similarity": 0.2611190817790531,
      "test_similarity": 0.0,
      "token_usage": 15933,
      "tool_usage": 39
    },
    {
      "instance_id": "pytest-dev__pytest-5495",
      "repetition": 0,
      "success": true,
      "similarity": 0.32347026716460786,
      "test_similarity": 0.200836820083682,
      "token_usage": 14343,
      "tool_usage": 42
    }
  ],
  "config": {
    "nano_version": "3.2.0",
    "git_commit": "80f6a9e488839d7d93673c149035d415b7ff9fe0",
    "test_set": "lite",