{
  "name": "nano_3.2.0_9b36ac5c_lite_deepseek-chat",
  "created_at": 1749041677.7545528,
  "metrics": {
    "success_rate": 0.575,
    "success_std": 0.4571955574781734,
    "avg_similarity": 0.33578747542496684,
    "similarity_std": 0.1724773717206297,
    "avg_test_similarity": 0.011169313957418046,
    "test_similarity_std": 0.03532047200694996,
    "avg_tokens": 3297.9166666666665,
    "tokens_std": 980.677085638436,
    "avg_tools": 7.508333333333333,
    "tools_std": 3.9270842543470774,
    "timestamp": 1749041677.7499554,
    "git_commit": "5561ceff34c0520f19026d33cbd33c0cb52ed8e7",
    "nano_version": "3.2.0",
    "total_problems": 10,
    "total_runs": 40,
    "avg_repetitions": 4,
    "global_run_based": {
      "success_rate": 0.575,
      "success_std": 0.5006406152531231,
      "avg_similarity": 0.33578747542496684,
      "similarity_std": 0.22961019207895147,
      "avg_test_similarity": 0.011169313957418046,
      "test_similarity_std": 0.07064094401389992,
      "avg_tokens": 3309.6923076923076,
      "tokens_std": 1179.7960384353273,
      "avg_tools": 7.538461538461538,
      "tools_std": 5.030675134382293
    },
    "global_problem_based": {
      "success_rate": 0.575,
      "success_std": 0.4571955574781734,
      "avg_similarity": 0.33578747542496684,
      "similarity_std": 0.1724773717206297,
      "avg_test_similarity": 0.011169313957418046,
      "test_similarity_std": 0.03532047200694996,
      "avg_tokens": 3297.9166666666665,
      "tokens_std": 980.677085638436,
      "avg_tools": 7.508333333333333,
      "tools_std": 3.9270842543470774
    },
    "per_problem_stats": {
      "django__django-16139": {
        "repetitions": 4,
        "success_rate": 0.75,
        "success_std": 0.5,
        "avg_similarity": 0.4493534482758621,
        "similarity_std": 0.2995689655172414,
        "avg_test_similarity": 0.0,
        "test_similarity_std": 0.0,
        "avg_tokens": 2838.6666666666665,
        "tokens_std": 672.08060032509,
        "avg_tools": 6.333333333333333,
        "tools_std": 3.2145502536643185
      },
      "sympy__sympy-13773": {
        "repetitions": 4,
        "success_rate": 1.0,
        "success_std": 0.0,
        "avg_similarity": 0.3920994879297732,
        "similarity_std": 0.0,
        "avg_test_similarity": 0.0,
        "test_similarity_std": 0.0,
        "avg_tokens": 1898,
        "tokens_std": 44.73626418615365,
        "avg_tools": 4,
        "tools_std": 0.816496580927726
      },
      "django__django-12497": {
        "repetitions": 4,
        "success_rate": 0.75,
        "success_std": 0.5,
        "avg_similarity": 0.6931330472103003,
        "similarity_std": 0.46208869814020026,
        "avg_test_similarity": 0.11169313957418046,
        "test_similarity_std": 0.22338627914836093,
        "avg_tokens": 2883.25,
        "tokens_std": 1610.6916475021944,
        "avg_tools": 9.25,
        "tools_std": 5.188127472091127
      },
      "sympy__sympy-15308": {
        "repetitions": 4,
        "success_rate": 1.0,
        "success_std": 0.0,
        "avg_similarity": 0.3839782369091411,
        "similarity_std": 0.045308770203286164,
        "avg_test_similarity": 0.0,
        "test_similarity_std": 0.0,
        "avg_tokens": 3070,
        "tokens_std": 185.69329551709723,
        "avg_tools": 7,
        "tools_std": 1.8257418583505538
      },
      "scikit-learn__scikit-learn-13439": {
        "repetitions": 4,
        "success_rate": 1.0,
        "success_std": 0.0,
        "avg_similarity": 0.37448149370193945,
        "similarity_std": 0.10392536622025318,
        "avg_test_similarity": 0.0,
        "test_similarity_std": 0.0,
        "avg_tokens": 3002.75,
        "tokens_std": 519.2689572851433,
        "avg_tools": 6,
        "tools_std": 1.8257418583505538
      },
      "matplotlib__matplotlib-18869": {
        "repetitions": 4,
        "success_rate": 0.0,
        "success_std": 0.0,
        "avg_similarity": 0.12996023271181906,
        "similarity_std": 0.010304482127739725,
        "avg_test_similarity": 0.0,
        "test_similarity_std": 0.0,
        "avg_tokens": 3637.25,
        "tokens_std": 213.0342304263175,
        "avg_tools": 6.5,
        "tools_std": 0.5773502691896257
      },
      "sphinx-doc__sphinx-8713": {
        "repetitions": 4,
        "success_rate": 1.0,
        "success_std": 0.0,
        "avg_similarity": 0.3715555738096661,
        "similarity_std": 0.007417790326040629,
        "avg_test_similarity": 0.0,
        "test_similarity_std": 0.0,
        "avg_tokens": 2273,
        "tokens_std": 184.47222013083703,
        "avg_tools": 4.5,
        "tools_std": 0.5773502691896257
      },
      "scikit-learn__scikit-learn-25638": {
        "repetitions": 4,
        "success_rate": 0.0,
        "success_std": 0.0,
        "avg_similarity": 0.10418124898940152,
        "similarity_std": 0.00848411586043623,
        "avg_test_similarity": 0.0,
        "test_similarity_std": 0.0,
        "avg_tokens": 3781.25,
        "tokens_std": 175.7543266418592,
        "avg_tools": 3.25,
        "tools_std": 0.5
      },
      "pydata__xarray-4248": {
        "repetitions": 4,
        "success_rate": 0.0,
        "success_std": 0.0,
        "avg_similarity": 0.24182618978692325,
        "similarity_std": 0.056101290228708654,
        "avg_test_similarity": 0.0,
        "test_similarity_std": 0.0,
        "avg_tokens": 4425.25,
        "tokens_std": 980.4949005476775,
        "avg_tools": 12.75,
        "tools_std": 6.238322424070967
      },
      "pytest-dev__pytest-5495": {
        "repetitions": 4,
        "success_rate": 0.25,
        "success_std": 0.5,
        "avg_similarity": 0.2173057949248424,
        "similarity_std": 0.09427704658732824,
        "avg_test_similarity": 0.0,
        "test_similarity_std": 0.0,
        "avg_tokens": 5169.75,
        "tokens_std": 1374.4427658751988,
        "avg_tools": 15.5,
        "tools_std": 7.416198487095663
      }
    }
  },
  "results": [
    {
      "instance_id": "django__django-16139",
      "repetition": 0,
      "success": true,
      "similarity": 0.5991379310344828,
      "test_similarity": 0.0,
      "token_usage": 2379,
      "tool_usage": 4
    },
    {
      "instance_id": "django__django-16139",
      "repetition": 1,
      "success": false,
      "similarity": 0.0,
      "test_similarity": 0.0,
      "token_usage": 0,
      "tool_usage": 0,
      "error": "litellm.APIError: APIError: DeepseekException - <html>\r\n<head><title>502 Bad Gateway</title></head>\r\n<body>\r\n<center><h1>502 Bad Gateway</h1></center>\r\n<hr><center>cloudflare</center>\r\n</body>\r\n</html>\r\n"
    },
    {
      "instance_id": "django__django-16139",
      "repetition": 3,
      "success": true,
      "similarity": 0.5991379310344828,
      "test_similarity": 0.0,
      "token_usage": 2527,
      "tool_usage": 5
    },
    {
      "instance_id": "sympy__sympy-13773",
      "repetition": 0,
      "success": true,
      "similarity": 0.3920994879297732,
      "test_similarity": 0.0,
      "token_usage": 1903,
      "tool_usage": 4
    },
    {
      "instance_id": "django__django-16139",
      "repetition": 2,
      "success": true,
      "similarity": 0.5991379310344828,
      "test_similarity": 0.0,
      "token_usage": 3610,
      "tool_usage": 10
    },
    {
      "instance_id": "sympy__sympy-13773",
      "repetition": 1,
      "success": true,
      "similarity": 0.3920994879297732,
      "test_similarity": 0.0,
      "token_usage": 1881,
      "tool_usage": 4
    },
    {
      "instance_id": "sympy__sympy-13773",
      "repetition": 2,
      "success": true,
      "similarity": 0.3920994879297732,
      "test_similarity": 0.0,
      "token_usage": 1957,
      "tool_usage": 5
    },
    {
      "instance_id": "sympy__sympy-13773",
      "repetition": 3,
      "success": true,
      "similarity": 0.3920994879297732,
      "test_similarity": 0.0,
      "token_usage": 1851,